name_of_city,state_code,state_name,population_total,population_male,population_female,literates_total,literates_male,literates_female,sex_ratio,child_sex_ratio,location,total_graduates,male_graduates,female_graduates
Abohar ,3,PUNJAB,145238,76840,68398,103319,58347,44972,890,848,"30.1452928,74.1993043",16287,8612,7675
Achalpur ,27,MAHARASHTRA,112293,58256,54037,92433,49347,43086,928,909,"21.257584,77.5086754",8863,5269,3594
Adilabad ,28,ANDHRA PRADESH,117388,59232,58156,83955,46295,37660,982,947,"19.0809075,79.560344",10565,6797,3768
Adityapur ,20,JHARKHAND,173988,91495,82493,125985,71470,54515,902,910,"22.7834741,86.1576889",19225,12189,7036
Adoni ,28,ANDHRA PRADESH,166537,82743,83794,101292,56203,45089,1013,968,"15.6322227,77.2728368",11902,7871,4031
Agartala ,16,TRIPURA,399688,199616,200072,343633,174524,169109,1002,940,"23.831457,91.2867777",52711,30215,22496
Agra ,9,UTTAR PRADESH,1574542,849771,724771,880530,503805,376725,853,772,"27.1766701,78.0080745",185813,106082,79731
Ahmadabad ,24,GUJARAT,5570585,2935869,2634716,4464303,2459823,2004480,897,853,"23.022505,72.5713621",769858,435267,334591
Ahmadnagar ,27,MAHARASHTRA,350905,179755,171150,287468,152819,134649,952,859,"19.0952075,74.7495916",51661,29832,21829
Aizawl ,15,MIZORAM,291822,143803,148019,253588,125256,128332,1029,989,"23.727107,92.7176389",26832,14900,11932
Ajmer ,8,RAJASTHAN,542580,278786,263794,422913,230586,192327,946,884,"26.4498954,74.6399163",77989,42454,35535
Akbarpur ,9,UTTAR PRADESH,111594,57560,54034,75062,42208,32854,939,937,"26.4407468,82.5537514",9745,5811,3934
Akola ,27,MAHARASHTRA,427146,218184,208962,347687,183594,164093,958,899,"20.7059345,77.0219019",49715,28812,20903
Alandur ,33,TAMIL NADU,164162,82190,81972,142415,72755,69660,997,975,"12.9974873,80.2006371",45971,25463,20508
Alappuzha ,32,KERALA,174164,83888,90276,153269,74454,78815,1076,945,"9.4980667,76.3388484",22263,9900,12363
Aligarh ,9,UTTAR PRADESH,872575,463123,409452,533969,303886,230083,884,875,"27.8973944,78.0880129",99341,55965,43376
Allahabad ,9,UTTAR PRADESH,1117094,601363,515731,877590,493181,384409,858,876,"25.4358011,81.846311",233129,138248,94881
Alwar ,8,RAJASTHAN,315310,166900,148410,243634,138737,104897,889,833,"27.5529907,76.6345735",58764,35297,23467
Ambala ,6,HARYANA,196216,103533,92683,155780,85004,70776,895,834,"30.3781788,76.7766974",34943,17809,17134
Ambala Sadar ,6,HARYANA,104268,54241,50027,83236,43444,39792,922,841,"30.3248708,76.8432663",20618,10689,9929
Ambarnath ,27,MAHARASHTRA,254003,133006,120997,201707,111273,90434,910,906,"19.1825167,73.1926023",26596,14444,12152
Ambattur ,33,TAMIL NADU,478134,241181,236953,401253,208748,192505,982,960,"13.1143167,80.1480551",97186,52224,44962
Ambikapur ,22,CHHATTISGARH,114575,59673,54902,89590,48950,40640,920,887,"23.1354921,83.1817856",20857,12369,8488
Ambur ,33,TAMIL NADU,113856,56052,57804,88309,45439,42870,1031,955,"12.7903613,78.7166084",7813,5076,2737
Amravati ,27,MAHARASHTRA,646801,330544,316257,543568,284490,259078,957,910,"20.9374238,77.7795513",91996,51456,40540
Amreli ,24,GUJARAT,105980,55166,50814,85975,46721,39254,921,835,"21.6031774,71.2220832",11305,6579,4726
Amritsar ,3,PUNJAB,1132761,602754,530007,872527,478062,394465,879,824,"31.6339793,74.8722642",140359,69241,71118
Amroha ,9,UTTAR PRADESH,197135,102804,94331,108772,60621,48151,918,946,"28.9043537,78.4673426",13879,7635,6244
Anand ,24,GUJARAT,197351,102359,94992,166211,88444,77767,928,881,"22.5645175,72.928871",29803,17331,12472
Anantapur ,28,ANDHRA PRADESH,262340,131506,130834,195452,105452,90000,995,904,"14.6818877,77.6005911",43700,27392,16308
Anantnag ,1,JAMMU & KASHMIR,108505,56030,52475,71408,39591,31817,937,874,"33.7311255,75.1487007",12666,7291,5375
Arrah ,10,BIHAR,261099,139319,121780,189080,107822,81258,874,875,"25.5560443,84.6603307",35354,25045,10309
Asansol ,19,WEST BENGAL,564491,293748,270743,431300,236683,194617,922,908,"23.6739452,86.9523954",65625,40231,25394
Ashoknagar Kalyangarh ,19,WEST BENGAL,123906,62554,61352,106337,55398,50939,981,947,"22.84039,88.6241351",11992,7093,4899
Aurangabad ,10,BIHAR,101520,53307,48213,75796,42338,33458,904,893,"24.7457189,84.3804888",13141,9371,3770
Aurangabad ,27,MAHARASHTRA,1171330,610377,560953,908725,497404,411321,919,859,"19.8761653,75.3433139",159308,96576,62732
Avadi ,33,TAMIL NADU,344701,175055,169646,275881,145729,130152,969,965,"13.1067448,80.0969511",51647,27742,23905
Azamgarh ,9,UTTAR PRADESH,110980,58033,52947,85008,46587,38421,912,860,"26.0737044,83.1859458",19911,11691,8220
Badlapur ,27,MAHARASHTRA,175516,91695,83821,146259,78910,67349,914,890,"19.1667854,73.2367896",25115,13878,11237
Bagaha ,10,BIHAR,113012,59946,53066,56998,34751,22247,885,946,"27.1221959,84.0722375",3744,2756,988
Bagalkot ,29,KARNATAKA,112068,56837,55231,85860,46623,39237,972,915,"16.1725355,75.6557206",14090,9038,5052
Bahadurgarh ,6,HARYANA,170426,91736,78690,132108,75714,56394,858,784,"28.6924464,76.9239727",22521,13025,9496
Baharampur ,19,WEST BENGAL,195363,100431,94932,164445,86535,77910,945,962,"24.0988265,88.2679264",32154,19679,12475
Bahraich ,9,UTTAR PRADESH,186241,98529,87712,122602,66544,56058,890,895,"27.7525271,81.4278984",20490,11537,8953
Baidyabati ,19,WEST BENGAL,121081,62550,58531,100590,53217,47373,936,958,"22.795783,88.3190717",17224,10311,6913
Baleshwar Town ,21,ORISSA,118202,60308,57894,95084,50372,44712,960,955,"21.4869337,86.9246005",23170,14071,9099
Ballia ,9,UTTAR PRADESH,104271,55706,48565,80964,45467,35497,872,868,"25.7584381,84.1487319",16114,10252,5862
Bally ,19,WEST BENGAL,291972,156734,135238,216902,119508,97394,863,1185,"22.6500518,88.3423199",36100,22170,13930
Bally City,19,WEST BENGAL,115715,59951,55764,95665,51534,44131,930,964,"22.6500518,88.3423199",12354,7562,4792
Balurghat ,19,WEST BENGAL,151183,75677,75506,130230,66954,63276,998,974,"25.2372834,88.7830612",23732,14538,9194
Banda ,9,UTTAR PRADESH,154388,82215,72173,113857,64871,48986,878,893,"25.4796224,80.3380213",24015,15215,8800
Bankura ,19,WEST BENGAL,138036,70734,67302,111073,60272,50801,951,956,"23.2324146,87.0786044",19082,12321,6761
Bansberia ,19,WEST BENGAL,103799,53807,49992,81514,44671,36843,929,930,"22.951904,88.4070629",8566,5264,3302
Banswara ,8,RAJASTHAN,100128,51240,48888,76438,41404,35034,954,855,"23.5461394,74.4349761",13852,7837,6015
Baran ,8,RAJASTHAN,118157,61360,56797,83879,48209,35670,926,893,"25.1011438,76.5131637",11553,7362,4191
Baranagar ,19,WEST BENGAL,248466,128432,120034,215849,114347,101502,935,947,"22.6383016,88.3654386",49711,28274,21437
Barasat ,19,WEST BENGAL,283443,143732,139711,236881,123692,113189,972,964,"22.7228159,88.480552",45516,27143,18373
Baraut ,9,UTTAR PRADESH,102733,54521,48212,69559,39900,29659,884,832,"29.0998902,77.2606149",12672,7191,5481
Barddhaman ,19,WEST BENGAL,314638,160631,154007,260564,138067,122497,959,940,"23.2324214,87.8614793",52387,32325,20062
Bareilly ,9,UTTAR PRADESH,898167,477438,420729,563619,316385,247234,881,890,"28.3670355,79.4304381",110691,61065,49626
Baripada Town ,21,ORISSA,110058,57008,53050,89421,48388,41033,931,900,"21.9322338,86.7516942",17589,10953,6636
Barnala ,3,PUNJAB,116454,62302,54152,82347,46100,36247,869,830,"30.3819446,75.5467979",12665,6213,6452
Barrackpur ,19,WEST BENGAL,154475,79507,74968,128459,68159,60300,943,922,"22.7674278,88.3883455",29910,17514,12396
Barshi ,27,MAHARASHTRA,118573,60857,57716,91260,49965,41295,948,845,"18.2333856,75.6941478",13351,8564,4787
Basirhat ,19,WEST BENGAL,127135,64397,62738,102737,53913,48824,974,947,"22.6574017,88.8671766",20037,12083,7954
Basti ,9,UTTAR PRADESH,114651,60126,54525,87065,48473,38592,907,921,"26.8176796,82.7633133",20183,12071,8112
Batala ,3,PUNJAB,156400,82459,73941,121138,66101,55037,897,831,"31.8183238,75.2070644",16436,8120,8316
Bathinda ,3,PUNJAB,285813,151782,134031,211318,118888,92430,883,865,"30.210994,74.9454745",43428,22471,20957
Beawar ,8,RAJASTHAN,145809,74946,70863,110111,61229,48882,946,880,"26.1007337,74.3190747",13767,8257,5510
Begusarai ,10,BIHAR,251136,133931,117205,169161,96459,72702,875,897,"25.416675,86.1293792",24616,16492,8124
Belgaum ,29,KARNATAKA,488292,246407,241885,396736,208546,188190,982,936,"15.8496953,74.4976741",64200,37682,26518
Bellary ,29,KARNATAKA,409644,206026,203618,281768,153275,128493,988,957,"15.1393932,76.9214428",36855,23011,13844
Bengaluru,29,KARNATAKA,8425970,4401299,4024671,6775942,3664959,3110983,914,940,"12.9716,77.5946",1591163,908363,682800
Bettiah ,10,BIHAR,132896,70381,62515,94663,52547,42116,888,880,"26.8028048,84.5169757",13438,9372,4066
Betul ,23,MADHYA PRADESH,103341,52902,50439,83356,44429,38927,953,907,"21.9108031,77.9011842",17125,9918,7207
Bhadrak ,21,ORISSA,107369,55094,52275,76928,41628,35300,949,949,"21.0582737,86.4958396",13311,8191,5120
Bhadravati ,29,KARNATAKA,150776,75020,75756,118446,62199,56247,1010,975,"13.8329901,75.7080727",12406,7066,5340
Bhadreswar ,19,WEST BENGAL,101334,53318,48016,80249,44493,35756,901,921,"22.8275529,88.3456516",9225,5743,3482
Bhagalpur ,10,BIHAR,398138,212005,186133,279469,157049,122420,878,916,"25.3478004,86.9824288",49656,33692,15964
Bhalswa Jahangir Pur ,7,NCT OF DELHI,197150,106271,90879,130417,76114,54303,855,884,"28.757322,77.1544",8348,5164,3184
Bharatpur ,8,RAJASTHAN,252109,134088,118021,181159,105642,75517,880,829,"27.216981,77.489515",33411,20734,12677
Bharuch ,24,GUJARAT,168729,86887,81842,133796,71671,62125,942,916,"21.7051358,72.9958748",14059,8210,5849
Bhatpara ,19,WEST BENGAL,390467,207876,182591,307362,172042,135320,878,925,"22.8562412,88.406454",29055,18147,10908
Bhavnagar ,24,GUJARAT,593768,309447,284321,455242,251860,203382,919,838,"21.7644725,72.1519304",51875,30315,21560
Bhilai Nagar ,22,CHHATTISGARH,625697,322254,303443,487242,267487,219755,942,917,"21.1938475,81.3509416",81620,43751,37869
Bhilwara ,8,RAJASTHAN,360009,187952,172057,264762,150306,114456,915,893,"25.321377,74.586953",41788,24856,16932
Bhimavaram ,28,ANDHRA PRADESH,142280,70066,72214,108535,55523,53012,1031,977,"16.544893,81.521241",18298,11541,6757
Bhind ,23,MADHYA PRADESH,197332,105394,91938,145530,83903,61627,872,838,"26.4450034,78.7476208",20470,13748,6722
Bhiwadi ,8,RAJASTHAN,104883,59757,45126,70987,44697,26290,755,859,"28.2088218,76.8445999",10135,6331,3804
Bhiwandi ,27,MAHARASHTRA,711329,418478,292851,507722,314906,192816,700,934,"19.2812547,73.0482912",24688,14404,10284
Bhiwani ,6,HARYANA,197662,105372,92290,147807,84028,63779,876,809,"28.7751693,75.9927652",28123,17068,11055
Bhopal ,23,MADHYA PRADESH,1795648,939560,856088,1354219,741737,612482,911,917,"23.2599333,77.412615",282813,155418,127395
Bhubaneswar Town ,21,ORISSA,837737,445233,392504,710243,388164,322079,882,902,"20.2960587,85.8245398",200788,121563,79225
Bhuj ,24,GUJARAT,147123,77900,69223,114822,64172,50650,889,900,"23.2419997,69.6669324",16457,9536,6921
Bhusawal ,27,MAHARASHTRA,187750,96655,91095,152103,81544,70559,942,852,"21.0455204,75.8010962",19815,11257,8558
Bid ,27,MAHARASHTRA,146237,75655,70582,112171,61135,51036,933,843,"18.9890893,75.7600785",19030,12252,6778
Bidar ,29,KARNATAKA,211944,109435,102509,163781,89472,74309,937,914,"17.9148799,77.5046101",25910,16824,9086
Bidhan Nagar ,19,WEST BENGAL,218323,111363,106960,185885,97604,88281,960,967,"22.5867296,88.4170988",65863,35756,30107
Biharsharif ,10,BIHAR,296889,154915,141974,189420,110247,79173,916,918,"25.1982147,85.5148735",28092,20487,7605
Bijapur ,29,KARNATAKA,326360,165122,161238,239631,128615,111016,976,911,"16.8301708,75.710031",37265,24355,12910
Bikaner ,8,RAJASTHAN,647804,340894,306910,451663,259367,192296,900,901,"28.0229348,73.3119159",73369,44965,28404
Bilaspur ,22,CHHATTISGARH,330106,169738,160368,260654,141169,119485,945,902,"22.0796251,82.1391412",67396,38607,28789
Bokaro Steel City ,20,JHARKHAND,413934,220088,193846,310127,179188,130939,881,874,"23.6692956,86.151112",61034,39496,21538
Bongaon ,19,WEST BENGAL,110668,56416,54252,92253,48799,43454,962,927,"23.0440381,88.827703",10286,6684,3602
Botad ,24,GUJARAT,130302,67778,62524,94563,53275,41288,922,874,"22.1704232,71.6684269",4578,2997,1581
Brahmapur Town ,21,ORISSA,355823,185584,170239,293818,159550,134268,917,898,"19.3149618,84.7940911",50782,32587,18195
Budaun ,9,UTTAR PRADESH,159221,83475,75746,101914,56012,45902,907,882,"28.0337088,79.1205419",19204,10705,8499
Bulandshahr ,9,UTTAR PRADESH,222826,116923,105903,153135,86408,66727,906,821,"28.406963,77.8498292",32546,18503,14043
Bundi ,8,RAJASTHAN,102823,53299,49524,75482,42642,32840,929,877,"25.4305144,75.6499025",13148,8081,5067
Burari ,7,NCT OF DELHI,145584,77767,67817,113188,64125,49063,872,849,"28.7535212,77.1948241",17914,11136,6778
Burhanpur ,23,MADHYA PRADESH,210891,108234,102657,149339,80909,68430,948,921,"21.3193875,76.2224273",15203,9325,5878
Buxar ,10,BIHAR,102591,54123,48468,75752,42601,33151,896,879,"25.4987785,84.1435136",12464,8920,3544
Champdani ,19,WEST BENGAL,110983,59296,51687,81883,46888,34995,872,929,"22.8049456,88.3409338",7167,4654,2513
Chandannagar ,19,WEST BENGAL,166949,84257,82692,141572,73393,68179,981,943,"22.8647723,88.36326",30933,17942,12991
Chandausi ,9,UTTAR PRADESH,114254,60238,54016,72515,40323,32192,897,865,"28.4480507,78.7796105",15436,8436,7000
Chandigarh ,4,CHANDIGARH,960787,525226,435561,743254,426071,317183,829,860,"30.7333148,76.7794179",189312,101491,87821
Chandrapur ,27,MAHARASHTRA,321036,165125,155911,263962,142528,121434,944,906,"19.9704597,79.3014845",37686,21317,16369
Chapra ,10,BIHAR,201597,106250,95347,141403,78956,62447,897,906,"25.7795649,84.7498886",22852,15710,7142
Chas ,20,JHARKHAND,141618,75027,66591,105417,60459,44958,888,886,"23.6388375,86.1700894",15277,10431,4846
Chennai ,33,TAMIL NADU,4681087,2357633,2323454,3850472,2004498,1845974,986,964,"13.0826802,80.2707184",879695,487428,392267
Chhattarpur ,23,MADHYA PRADESH,133626,70586,63040,99154,55244,43910,893,859,"24.728683,79.560344",20807,12484,8323
Chhindwara ,23,MADHYA PRADESH,138266,70444,67822,112532,59892,52640,963,946,"22.057437,78.9381729",28233,16058,12175
Chikmagalur ,29,KARNATAKA,118496,58859,59637,96586,49742,46844,1013,952,"13.315258,75.7754018",13204,7441,5763
Chilakaluripet ,28,ANDHRA PRADESH,101550,50201,51349,66336,36472,29864,1023,938,"16.0924301,80.1623948",9526,6302,3224
Chitradurga ,29,KARNATAKA,139914,70304,69610,111514,58257,53257,990,943,"14.2305594,76.3984537",16857,10213,6644
Chittaurgarh ,8,RAJASTHAN,116409,60229,56180,86945,48624,38321,933,882,"24.8887435,74.6269216",16833,9875,6958
Chittoor ,28,ANDHRA PRADESH,153766,76566,77200,121094,63681,57413,1008,908,"13.2218054,79.1010442",21345,12973,8372
Churu ,8,RAJASTHAN,119846,61771,58075,77751,46055,31696,940,919,"28.3174965,74.9851678",8756,5873,2883
Coimbatore ,33,TAMIL NADU,1061447,531017,530430,885471,457982,427489,999,963,"11.0168445,76.9558321",168145,87123,81022
Cuddalore ,33,TAMIL NADU,173361,85593,87768,139388,72083,67305,1025,955,"11.744699,79.7680243",21572,12022,9550
Cuttack ,21,ORISSA,606007,303530,302477,508188,272257,235931,997,916,"20.462521,85.8829895",110147,66347,43800
Dabgram ,19,WEST BENGAL,118464,60708,57756,76930,42781,34149,951,949,"26.6954603,88.4415998",2532,1703,829
Dallo Pura ,7,NCT OF DELHI,154955,81425,73530,111514,62799,48715,903,891,"28.6004677,77.319462",17134,9918,7216
Damoh ,23,MADHYA PRADESH,124979,65133,59846,96043,53052,42991,919,915,"23.8380986,79.4421731",16544,9740,6804
Darbhanga ,10,BIHAR,294116,154970,139146,205203,115620,89583,898,905,"26.111868,85.896004",38605,26731,11874
Darjiling ,19,WEST BENGAL,120414,60114,60300,107242,54710,52532,1003,903,"27.0360066,88.2626751",16319,8829,7490
Datia ,23,MADHYA PRADESH,100466,52931,47535,71071,40482,30589,898,864,"25.6653262,78.4609393",12717,7960,4757
Davanagere ,29,KARNATAKA,435128,220544,214584,331551,175747,155804,973,946,"14.4663438,75.9238397",40740,24921,15819
Deesa ,24,GUJARAT,111149,58724,52425,78219,45479,32740,893,822,"24.2585031,72.1906721",5933,3946,1987
Dehradun ,5,UTTARAKHAND,578420,303411,275009,463791,251832,211959,906,873,"30.3164945,78.0321918",136036,70607,65429
Dehri ,10,BIHAR,137068,72311,64757,98968,56416,42552,896,920,"24.9277351,84.1909841",14780,10297,4483
Delhi ,7,NCT OF DELHI,11007835,5871362,5136473,8583105,4776490,3806615,875,866,"28.7041,77.1025",2221137,1210040,1011097
Delhi Cantonment ,7,NCT OF DELHI,116352,67703,48649,93971,57144,36827,719,821,"28.5961279,77.1587375",17317,9653,7664
Deoghar ,20,JHARKHAND,203116,108243,94873,153807,87540,66267,876,864,"24.4763201,86.6913222",27126,19215,7911
Deoli ,7,NCT OF DELHI,169410,91173,78237,123167,72062,51105,858,877,"28.4962152,77.2376414",13046,8694,4352
Deoria ,9,UTTAR PRADESH,129570,67754,61816,102802,56719,46083,912,908,"26.4270039,83.804868",25206,15782,9424
Dewas ,23,MADHYA PRADESH,289438,150193,139245,218877,122388,96489,927,901,"22.9622672,76.0507949",29848,17581,12267
Dhanbad ,20,JHARKHAND,1161561,615589,545972,820008,473787,346221,887,908,"23.7956531,86.4303859",104768,69321,35447
Dharmavaram ,28,ANDHRA PRADESH,121992,62186,59806,79037,45025,34012,962,857,"14.4137447,77.7126189",7560,5236,2324
Dhaulpur ,8,RAJASTHAN,126142,67740,58402,83405,49087,34318,862,818,"26.7025181,77.893391",11782,7680,4102
Dhule ,27,MAHARASHTRA,376093,193854,182239,298693,160511,138182,940,879,"20.9042201,74.7748979",38164,23320,14844
Dibrugarh ,18,ASSAM,138661,72044,66617,113822,60782,53040,925,940,"27.4728327,94.9119621",20878,12225,8653
Dimapur ,13,NAGALAND,123777,65017,58760,95646,51604,44042,904,966,"25.8629885,93.7536663",12902,7442,5460
Dinapur Nizamat ,10,BIHAR,182241,97129,85112,123199,70786,52413,876,873,"25.6328264,85.0597137",19777,13707,6070
Dindigul ,33,TAMIL NADU,207225,102927,104298,171130,88360,82770,1013,960,"10.3673123,77.9802906",23327,12660,10667
Dum Dum ,19,WEST BENGAL,117637,61039,56598,103757,54153,49604,927,917,"22.6470514,88.431683",25287,14288,10999
Durg ,22,CHHATTISGARH,268679,136537,132142,210639,113866,96773,968,939,"21.1904494,81.2849169",38428,21409,17019
Durgapur ,19,WEST BENGAL,566937,294349,272588,453604,247176,206428,926,946,"23.5204443,87.3119227",80060,47809,32251
Eluru ,28,ANDHRA PRADESH,214414,105707,108707,145516,74521,70995,1028,1003,"16.7106604,81.0952431",23523,14252,9271
English Bazar ,19,WEST BENGAL,216083,115126,100957,154875,82428,72447,877,781,"25.0108408,88.1410967",28983,17393,11590
Erode ,33,TAMIL NADU,156953,78094,78859,126638,66307,60331,1010,972,"11.3410364,77.7171642",19615,11114,8501
Etah ,9,UTTAR PRADESH,118632,62966,55666,90289,50001,40288,884,851,"27.5587505,78.662567",21588,13031,8557
Etawah ,9,UTTAR PRADESH,256790,135829,120961,188887,104612,84275,891,863,"26.8458148,79.1096901",38404,22962,15442
Faizabad ,9,UTTAR PRADESH,167544,87279,80265,130700,70243,60457,920,903,"26.7732476,82.1441643",30658,17077,13581
Faridabad ,6,HARYANA,1404653,750446,654207,1042168,592024,450144,872,845,"28.4089123,77.3177894",219974,123138,96836
Farrukhabad-cum-Fatehgarh ,9,UTTAR PRADESH,275754,145515,130239,182356,101282,81074,895,865,"27.3826126,79.5940544",31160,18099,13061
Fatehpur ,9,UTTAR PRADESH,193801,101620,92181,133418,74561,58857,907,863,"25.8499808,80.8986502",25076,15061,10015
Firozabad ,9,UTTAR PRADESH,603797,321624,282173,365347,208434,156913,877,893,"27.1591006,78.3957574",36145,21265,14880
Firozpur ,3,PUNJAB,110091,58401,51690,78615,43468,35147,885,839,"30.9331348,74.6224755",14939,7455,7484
Gadag-Betigeri ,29,KARNATAKA,172813,86165,86648,132094,70035,62059,1006,935,"15.4324651,75.6380337",15926,9941,5985
Gandhidham ,24,GUJARAT,248705,132388,116317,181253,104073,77180,879,909,"23.075297,70.133673",24431,14049,10382
Gandhinagar ,24,GUJARAT,208299,109479,98820,177510,95640,81870,903,809,"23.2156354,72.6369415",52343,31129,21214
Ganganagar ,8,RAJASTHAN,224773,120929,103844,166449,95374,71075,859,814,"29.9038399,73.8771901",34347,19007,15340
Gangapur City ,8,RAJASTHAN,119045,62910,56135,82132,49231,32901,892,852,"26.4846537,76.7278803",9850,6727,3123
Gangawati ,29,KARNATAKA,105354,52678,52676,70630,39027,31603,1000,956,"15.431874,76.5314817",6927,4549,2378
Gaya ,10,BIHAR,463454,245764,217690,346747,194377,152370,886,906,"24.7954523,84.999431",56679,38831,17848
Ghazipur ,9,UTTAR PRADESH,110698,58126,52572,83755,46530,37225,904,873,"25.5840419,83.5770202",18840,11418,7422
Giridih ,20,JHARKHAND,114447,59924,54523,84897,46689,38208,910,895,"24.2841482,86.0937312",15112,10138,4974
Godhra ,24,GUJARAT,143126,73868,69258,111571,60797,50774,938,920,"22.7788044,73.6142795",12053,7571,4482
Gokal Pur ,7,NCT OF DELHI,121938,64935,57003,90904,51785,39119,878,847,"28.703423,77.2840105",15993,9445,6548
Gonda ,9,UTTAR PRADESH,114353,58484,55869,82739,45825,36914,955,898,"27.1339913,81.9618968",17212,10185,7027
Gondal ,24,GUJARAT,112064,58417,53647,86139,47112,39027,918,823,"21.9619463,70.792297",10557,6003,4554
Gondiya ,27,MAHARASHTRA,132889,66756,66133,112490,58721,53769,991,929,"21.4624491,80.2209773",18563,10175,8388
Gorakhpur ,9,UTTAR PRADESH,671048,353550,317498,523441,290760,232681,898,887,"26.7605545,83.3731675",123723,73116,50607
Greater Hyderabad ,28,ANDHRA PRADESH,6809970,3500802,3309168,5047705,2688111,2359594,945,942,"17.3850,78.4867",1164149,685402,478747
Greater Mumbai ,27,MAHARASHTRA,12478447,6736815,5741632,10237586,5727774,4509812,852,902,"19.0760,72.8777",1802371,964964,837407
Greater Noida ,9,UTTAR PRADESH,107676,58662,49014,79757,45878,33879,836,823,"28.4743879,77.5039904",20791,11844,8947
Gudivada ,28,ANDHRA PRADESH,118289,58941,59348,89009,46529,42480,1007,959,"16.4410255,80.9926327",12523,7411,5112
Gulbarga ,29,KARNATAKA,532031,272451,259580,387470,210817,176653,953,917,"17.329731,76.8342957",65039,40331,24708
Guna ,23,MADHYA PRADESH,180978,94645,86333,128463,73169,55294,912,877,"24.6348197,77.2979782",22104,13416,8688
Guntakal ,28,ANDHRA PRADESH,126479,62695,63784,86197,47471,38726,1017,942,"15.1674091,77.3736238",11626,7398,4228
Guntur ,28,ANDHRA PRADESH,651382,323151,328231,480068,252677,227391,1016,963,"16.3066525,80.4365402",94432,58194,36238
Gurgaon ,6,HARYANA,876824,475612,401212,662969,373164,289805,844,846,"28.4594965,77.0266383",233817,126456,107361
Guwahati ,18,ASSAM,963429,502255,461174,798726,426401,372325,918,1009,"26.1445169,91.7362365",184065,107093,76972
Gwalior ,23,MADHYA PRADESH,1053505,560887,492618,800325,452788,347537,878,827,"26.2182871,78.1828308",169264,100039,69225
Habra ,19,WEST BENGAL,149675,76510,73165,125800,66495,59305,956,933,"22.8488542,88.6639591",13824,8682,5142
Hajipur ,10,BIHAR,147126,78561,68565,100691,57537,43154,873,879,"25.6858392,85.2145907",16319,11371,4948
Haldia ,19,WEST BENGAL,200762,104852,95910,159984,88125,71859,915,956,"22.0666742,88.0698118",17487,10784,6703
Haldwani-cum-Kathgodam ,5,UTTARAKHAND,156060,81918,74142,111410,60678,50732,905,903,"29.2182644,79.5129767",34329,17783,16546
Halisahar ,19,WEST BENGAL,126893,66654,60239,103789,56921,46868,904,923,"22.9441261,88.4193259",10802,6680,4122
Hanumangarh ,8,RAJASTHAN,151104,79817,71287,104285,59883,44402,893,848,"29.5815012,74.3294199",16870,9978,6892
Haora ,19,WEST BENGAL,1072161,560577,511584,888817,477781,411036,913,924,"22.5957689,88.2636394",151490,91001,60489
Hapur ,9,UTTAR PRADESH,262801,139694,123107,170325,98394,71931,881,852,"28.7305798,77.7758825",28472,16007,12465
Hardoi ,9,UTTAR PRADESH,126890,66752,60138,99217,54470,44747,901,878,"27.2978965,80.1875065",29166,17644,11522
Hardwar ,5,UTTARAKHAND,225235,120201,105034,169371,94508,74863,874,873,"29.9456906,78.1642478",38835,20223,18612
Hassan ,29,KARNATAKA,133723,66380,67343,109564,55610,53954,1015,944,"13.0068142,76.0995519",21042,11784,9258
Hastsal ,7,NCT OF DELHI,177033,95068,81965,129653,75259,54394,862,872,"28.6377129,77.0490264",12901,8095,4806
Hathras ,9,UTTAR PRADESH,137509,73376,64133,95524,53918,41606,874,834,"27.6056212,78.0537813",18612,10545,8067
Hazaribag ,20,JHARKHAND,142494,74267,68227,113693,61630,52063,919,897,"23.9966213,85.3691068",28889,18311,10578
Hindaun ,8,RAJASTHAN,105690,56178,49512,69108,41993,27115,881,852,"26.7454967,77.0330481",7964,5291,2673
Hindupur ,28,ANDHRA PRADESH,151835,76625,75210,103538,56177,47361,982,974,"13.8185378,77.4988753",11050,6926,4124
Hinganghat ,27,MAHARASHTRA,100416,51881,48535,85599,45728,39871,936,871,"20.5505728,78.8411405",11256,6684,4572
Hisar ,6,HARYANA,301249,163338,137911,216978,125172,91806,844,860,"29.1491875,75.7216527",49148,27629,21519
Hoshangabad ,23,MADHYA PRADESH,117956,61610,56346,92317,50943,41374,915,868,"22.744108,77.736967",18980,11072,7908
Hoshiarpur ,3,PUNJAB,168443,88290,80153,135094,72533,62561,908,834,"31.5143178,75.911483",26629,13069,13560
Hospet ,29,KARNATAKA,206159,102923,103236,143776,77678,66098,1003,960,"15.2688542,76.3909241",17556,10567,6989
Hosur ,33,TAMIL NADU,116821,59411,57410,91358,48225,43133,966,970,"12.7409127,77.8252923",15530,8254,7276
Hubli-Dharwad ,29,KARNATAKA,943857,475980,467877,736506,389290,347216,983,949,"15.3647083,75.1239547",113864,67478,46386
Hugli-Chinsurah ,19,WEST BENGAL,177209,88952,88257,152437,78780,73657,992,980,"22.8858771,88.3919026",31236,17939,13297
Ichalkaranji ,27,MAHARASHTRA,287570,149691,137879,223752,123878,99874,921,889,"16.7090008,74.4560807",22644,13707,8937
Imphal ,14,MANIPUR ,264986,128931,136055,219261,110809,108452,1055,939,"24.8170111,93.9368439",63915,33950,29965
Indore ,23,MADHYA PRADESH,1960631,1020883,939748,1516434,827975,688459,921,886,"22.7195687,75.8577258",313525,174270,139255
Jabalpur ,23,MADHYA PRADESH,1054336,546561,507775,841399,453820,387579,929,901,"23.181467,79.9864071",169711,92225,77486
Jagadhri ,6,HARYANA,124915,67752,57163,95469,53660,41809,844,822,"30.1680858,77.2969204",18738,9805,8933
Jagdalpur ,22,CHHATTISGARH,125345,63910,61435,95303,51905,43398,961,919,"19.0740973,82.008014",16223,9289,6934
Jaipur ,8,RAJASTHAN,3073350,1619280,1454070,2272724,1282140,990584,898,854,"26.9124336,75.7872709",533148,319107,214041
Jalandhar ,3,PUNJAB,862196,458015,404181,665625,363500,302125,882,866,"31.3260152,75.5761829",128924,63657,65267
Jalgaon ,27,MAHARASHTRA,460468,241228,219240,363778,198426,165352,909,806,"21.0076578,75.5626039",55315,33154,22161
Jalna ,27,MAHARASHTRA,285349,147714,137635,209531,116300,93231,932,886,"19.8296893,75.8800305",23959,15360,8599
Jalpaiguri ,19,WEST BENGAL,107351,53749,53602,90455,46484,43971,997,958,"26.5434772,88.7205256",20252,11543,8709
Jamalpur ,10,BIHAR,105221,56231,48990,81192,45961,35231,871,867,"25.312717,86.4906091",10638,7165,3473
Jammu ,1,JAMMU & KASHMIR,503690,265346,238344,413366,225410,187956,898,829,"32.7266016,74.8570259",121564,65587,55977
Jamnagar ,24,GUJARAT,529308,276202,253106,394919,216330,178589,916,862,"22.4707019,70.05773",52049,29513,22536
Jamshedpur ,20,JHARKHAND,629659,327912,301747,494893,270876,224017,920,887,"22.8045665,86.2028754",110962,64276,46686
Jamuria ,19,WEST BENGAL,144971,75574,69397,93152,54399,38753,918,947,"23.7060688,87.0774107",5436,3961,1475
Jaunpur ,9,UTTAR PRADESH,168128,88704,79424,123245,68005,55240,895,908,"25.7490034,82.6987002",24871,14851,10020
Jehanabad ,10,BIHAR,102456,54868,47588,70052,39889,30163,867,884,"25.1515827,84.981754",8901,6620,2281
Jetpur Navagadh ,24,GUJARAT,118550,62331,56219,89110,49677,39433,902,839,"21.7615246,70.6276279",8846,4677,4169
Jhansi ,9,UTTAR PRADESH,507293,268101,239192,381771,214375,167396,892,868,"25.4484257,78.5684594",78757,45368,33389
Jhunjhunun ,8,RAJASTHAN,118966,61906,57060,76183,44962,31221,922,864,"28.1288747,75.3995089",10403,6482,3921
Jind ,6,HARYANA,166225,88561,77664,123267,71129,52138,877,831,"29.3211153,76.3058328",21508,12601,8907
Jodhpur ,8,RAJASTHAN,1033918,544057,489861,740011,422120,317891,900,898,"26.2389469,73.0243094",140922,84420,56502
Junagadh ,24,GUJARAT,320250,164091,156159,259563,139317,120246,952,868,"21.522184,70.4578768",36910,20964,15946
Kadapa ,28,ANDHRA PRADESH,341823,171797,170026,242540,131847,110693,990,923,"14.4673541,78.8241339",41997,27337,14660
Kaithal ,6,HARYANA,144633,76657,67976,103329,59162,44167,887,823,"29.7856734,76.3984537",18095,10125,7970
Kakinada ,28,ANDHRA PRADESH,312255,152596,159659,231559,117829,113730,1046,973,"16.9890648,82.2474648",47823,29439,18384
Kalol ,24,GUJARAT,112126,59380,52746,88768,49439,39329,888,831,"23.2463895,72.5086513",14208,8671,5537
Kalyani ,19,WEST BENGAL,100620,50867,49753,82553,43591,38962,978,955,"22.9750855,88.4345078",17457,9775,7682
Kamarhati ,19,WEST BENGAL,336579,174840,161739,275870,147547,128323,925,936,"22.6846668,88.3706491",50367,29437,20930
Kancheepuram ,33,TAMIL NADU,164265,81990,82275,132348,69538,62810,1003,973,"12.8341735,79.7036402",18625,10805,7820
Kanchrapara ,19,WEST BENGAL,122181,61770,60411,103194,54213,48981,978,936,"22.944101,88.4335019",13808,8265,5543
Kanpur ,9,UTTAR PRADESH,2767031,1502370,1264661,2116973,1172323,944650,842,853,"26.449923,80.3318736",459611,250241,209370
Kanpur City,9,UTTAR PRADESH,108035,58505,49530,77484,44086,33398,847,914,"26.449923,80.3318736",12635,6841,5794
Karaikkudi ,33,TAMIL NADU,106793,53425,53368,88380,46114,42266,999,970,"10.0731315,78.7801544",11778,6464,5314
Karawal Nagar ,7,NCT OF DELHI,224666,120284,104382,163801,94870,68931,868,837,"28.7283102,77.276926",14478,9446,5032
Karimnagar ,28,ANDHRA PRADESH,260899,131769,129130,204614,110146,94468,980,951,"18.4385553,79.1288412",52034,33192,18842
Karnal ,6,HARYANA,286974,151668,135306,220711,121652,99059,892,807,"29.6856929,76.9904825",52911,27708,25203
Kasganj ,9,UTTAR PRADESH,101241,53507,47734,69289,38933,30356,892,827,"27.8129344,78.649785",13306,7833,5473
Kashipur ,5,UTTARAKHAND,121610,63625,57985,89433,49030,40403,911,846,"29.2104232,78.9618845",20036,10750,9286
Katihar ,10,BIHAR,225982,119142,106840,155706,87581,68125,897,933,"25.552048,87.5718609",24259,17105,7154
Khammam ,28,ANDHRA PRADESH,184252,91019,93233,136532,71580,64952,1024,930,"17.2472528,80.1514447",29400,18405,10995
Khandwa ,23,MADHYA PRADESH,200681,102873,97808,153609,82575,71034,951,902,"21.8257334,76.352571",24431,13708,10723
Khanna ,3,PUNJAB,128130,67811,60319,97022,53108,43914,890,828,"30.697852,76.2112286",16767,8279,8488
Kharagpur ,19,WEST BENGAL,206923,106735,100188,163915,89075,74840,939,952,"22.34601,87.2319753",24881,14511,10370
Khardaha ,19,WEST BENGAL,111130,56792,54338,99848,51668,48180,957,932,"22.7002943,88.3753455",21522,12228,9294
Khargone ,23,MADHYA PRADESH,106452,54684,51768,77216,42390,34826,947,906,"21.90287,75.8069082",12584,7745,4839
Khora ,9,UTTAR PRADESH,189410,102669,86741,140013,82194,57819,845,854,"28.753915,77.3999054",10482,7313,3169
Khurja ,9,UTTAR PRADESH,111089,58577,52512,64643,37048,27595,896,824,"28.2513538,77.8538797",10529,5967,4562
Kirari Suleman Nagar ,7,NCT OF DELHI,282598,152135,130463,191624,113079,78545,858,925,"28.6967948,77.0643614",10621,7340,3281
Kishanganj ,10,BIHAR,107076,55688,51388,67286,37482,29804,923,946,"26.0917422,87.9383822",7847,5536,2311
Kishangarh ,8,RAJASTHAN,155019,80343,74676,106809,61313,45496,929,876,"26.5870344,74.856397",13054,8153,4901
Kochi ,32,KERALA,601574,296668,304906,535318,265256,270062,1028,953,"9.9312328,76.2673041",115773,54538,61235
Kolar ,29,KARNATAKA,138553,70064,68489,102978,54121,48857,978,985,"13.1357446,78.1325611",11508,7007,4501
Kolhapur ,27,MAHARASHTRA,549283,280820,268463,459999,244256,215743,956,832,"16.7049873,74.2432527",92443,52599,39844
Kolkata ,19,WEST BENGAL,4486679,2362662,2124017,3648210,1966122,1682088,899,930,"22.572646,88.363895",818476,461615,356861
Kollam ,32,KERALA,349033,168076,180957,292641,142714,149927,1077,954,"8.8932118,76.6141396",39521,17708,21813
Korba ,22,CHHATTISGARH,363210,188514,174696,267900,151701,116199,927,936,"22.3594501,82.7500595",38726,23427,15299
Kota ,8,RAJASTHAN,1001365,529795,471570,738795,422767,316028,890,876,"25.2138156,75.8647527",128652,73452,55200
Kozhikode ,32,KERALA,432097,206494,225603,378033,181451,196582,1093,960,"11.2587531,75.78041",61225,27701,33524
Krishnanagar ,19,WEST BENGAL,152203,76700,75503,128574,66262,62312,984,919,"23.4008744,88.5013962",21326,12541,8785
Kulti ,19,WEST BENGAL,313977,163819,150158,214889,123380,91509,917,927,"23.7370306,86.8370937",19371,12890,6481
Kumbakonam ,33,TAMIL NADU,140113,69350,70763,117500,60262,57238,1020,985,"10.9616945,79.3881132",16862,9458,7404
Kurichi ,33,TAMIL NADU,125800,63033,62767,102816,53578,49238,996,979,"11.5707716,77.6966143",13160,6926,6234
Kurnool ,28,ANDHRA PRADESH,424920,211875,213045,297490,158744,138746,1006,935,"15.8281257,78.0372792",60589,37618,22971
Lakhimpur ,9,UTTAR PRADESH,152010,81050,70960,114526,63317,51209,876,872,"27.9490794,80.7824012",25967,15036,10931
Lalitpur ,9,UTTAR PRADESH,133041,69548,63493,98108,55330,42778,913,925,"24.6878597,78.4120206",17013,10255,6758
Latur ,27,MAHARASHTRA,382754,198151,184603,291226,160070,131156,932,850,"18.4087934,76.5603828",42355,27669,14686
Loni ,9,UTTAR PRADESH,512296,273859,238437,328096,194048,134048,871,885,"28.7316438,77.3008506",15572,10092,5480
Lucknow ,9,UTTAR PRADESH,2815601,1470133,1345468,2147564,1161250,986314,915,901,"26.8466937,80.946166",596990,326431,270559
Ludhiana ,3,PUNJAB,1613878,874773,739105,1230218,691161,539057,845,871,"30.900965,75.8572758",211267,104104,107163
Machilipatnam ,28,ANDHRA PRADESH,170008,83561,86447,130173,66337,63836,1035,947,"16.1905457,81.1361543",19872,11957,7915
Madanapalle ,28,ANDHRA PRADESH,135669,67432,68237,99486,52994,46492,1012,937,"13.5603491,78.5036065",16385,10050,6335
Madavaram ,33,TAMIL NADU,118525,59631,58894,96308,50467,45841,988,957,"13.147819,80.2309861",18525,10179,8346
Madhyamgram ,19,WEST BENGAL,198964,100611,98353,165630,86682,78948,978,963,"22.6925015,88.465448",27584,16352,11232
Madurai ,33,TAMIL NADU,1016885,509313,507572,845990,440419,405571,997,956,"9.9252007,78.1197754",129719,73889,55830
Mahbubnagar ,28,ANDHRA PRADESH,157902,79423,78479,119626,64187,55439,988,917,"16.7375089,78.0081221",30286,18972,11314
Mahesana ,24,GUJARAT,184133,97212,86921,151773,83642,68131,894,762,"23.5879607,72.3693252",27191,16287,10904
Maheshtala ,19,WEST BENGAL,449423,231044,218379,335440,179762,155678,945,957,"22.511976,88.2509941",33247,19939,13308
Mainpuri ,9,UTTAR PRADESH,117327,61481,55846,88548,48215,40333,908,849,"27.2177405,79.1096901",18745,10865,7880
Malegaon ,27,MAHARASHTRA,471006,239243,231763,343611,181084,162527,969,941,"20.5547497,74.5100291",22830,13345,9485
Malerkotla ,3,PUNJAB,135330,71401,63929,83606,47164,36442,895,950,"30.5232076,75.8882508",9767,5227,4540
Mandoli ,7,NCT OF DELHI,120345,64123,56222,84053,48535,35518,877,897,"28.7041396,77.313921",7274,4596,2678
Mandsaur ,23,MADHYA PRADESH,141468,72370,69098,109135,59436,49699,955,898,"24.076836,75.0692952",18225,10920,7305
Mandya ,29,KARNATAKA,137735,68748,68987,105938,55442,50496,1003,944,"12.5221567,76.9009191",16203,9858,6345
Mangalore ,29,KARNATAKA,484785,240651,244134,416863,211482,205381,1014,930,"12.9141417,74.8559568",78097,39002,39095
Mango ,20,JHARKHAND,224002,116243,107759,169548,92914,76634,927,913,"22.834024,86.219577",28682,17145,11537
Mathura ,9,UTTAR PRADESH,349336,186586,162750,235976,134597,101379,872,859,"27.4924134,77.673673",44357,26068,18289
Maunath Bhanjan ,9,UTTAR PRADESH,279060,143273,135787,187382,102802,84580,948,952,"25.9496379,83.5586445",20775,12297,8478
Medinipur ,19,WEST BENGAL,169127,85362,83765,139303,72948,66355,981,979,"22.4308892,87.3214908",28498,17243,11255
Meerut ,9,UTTAR PRADESH,1309023,689567,619456,889729,499928,389801,898,851,"28.9844618,77.7064137",174025,95192,78833
Mira Bhayander ,27,MAHARASHTRA,814655,434330,380325,684165,375671,308494,876,885,"19.2952325,72.8543897",118506,65979,52527
Miryalaguda ,28,ANDHRA PRADESH,103855,52048,51807,76693,41697,34996,995,948,"16.8753106,79.5659633",13377,8688,4689
Mirzapur-cum-Vindhyachal ,9,UTTAR PRADESH,233691,125003,108688,161128,92423,68705,869,879,"25.1336987,82.5644344",25846,16225,9621
Modinagar ,9,UTTAR PRADESH,130161,69179,60982,104383,58282,46101,882,778,"28.8316307,77.5779592",24695,13484,11211
Moga ,3,PUNJAB,150432,79760,70672,110764,60698,50066,886,857,"30.8164603,75.1717093",17762,8356,9406
Moradabad ,9,UTTAR PRADESH,889810,466432,423378,550637,302447,248190,908,903,"28.8386481,78.7733286",91999,48955,43044
Morena ,23,MADHYA PRADESH,200506,108405,92101,139903,83531,56372,850,807,"26.4933562,77.9909949",21351,14504,6847
Morvi ,24,GUJARAT,188278,97860,90418,140779,77826,62953,924,862,"22.8119895,70.8236195",15195,8441,6754
Motihari ,10,BIHAR,125183,67438,57745,94926,52904,42022,856,836,"26.6469624,84.9088938",19550,13634,5916
Mughalsarai ,9,UTTAR PRADESH,110110,57925,52185,79611,45305,34306,901,897,"25.2814947,83.1198203",11758,7244,4514
Muktsar ,3,PUNJAB,117085,62005,55080,79979,45007,34972,888,831,"30.4766391,74.511172",11785,5931,5854
Munger ,10,BIHAR,213101,113173,99928,150435,84571,65864,883,910,"25.3747561,86.4735251",19988,13825,6163
Murwara ,23,MADHYA PRADESH,221875,115463,106412,171966,94777,77189,922,892,"23.7473807,80.365865",27011,15456,11555
Mustafabad ,7,NCT OF DELHI,127012,66754,60258,81915,47714,34201,903,903,"28.7113968,77.2681086",4462,2950,1512
Muzaffarnagar ,9,UTTAR PRADESH,392451,206902,185549,278405,154902,123503,897,844,"29.4726817,77.7085091",58965,31729,27236
Muzaffarpur ,10,BIHAR,351838,186145,165693,263638,145548,118090,890,897,"26.1208876,85.3647201",61914,40575,21339
Mysore ,29,KARNATAKA,887446,443813,443633,702896,363157,339739,1000,945,"12.2958104,76.6393805",149306,85019,64287
Nabadwip ,19,WEST BENGAL,125528,65300,60228,102793,55569,47224,922,938,"23.4036446,88.3676393",10083,6492,3591
Nadiad ,24,GUJARAT,218150,112381,105769,174931,94468,80463,941,851,"22.6915853,72.8633635",27432,16224,11208
Nagaon ,18,ASSAM,116355,59021,57334,98068,52690,45378,971,1043,"26.3463713,92.6840426",15273,8798,6475
Nagapattinam ,33,TAMIL NADU,102838,50809,52029,81913,42374,39539,1024,930,"10.7656082,79.8423888",8469,4900,3569
Nagaur ,8,RAJASTHAN,100618,52220,48398,64028,37179,26849,927,876,"27.1991222,73.740924",7812,5384,2428
Nagda ,23,MADHYA PRADESH,100036,51410,48626,72618,40765,31853,946,893,"23.4454599,75.4169918",9844,5707,4137
Nagercoil ,33,TAMIL NADU,224329,110132,114197,195748,97545,98203,1037,983,"8.1832857,77.4118996",34342,17826,16516
Nagpur ,27,MAHARASHTRA,2405421,1226610,1178811,2018598,1060359,958239,961,921,"21.1458004,79.0881546",382282,201349,180933
Naihati ,19,WEST BENGAL,221762,112773,108989,183458,96626,86832,966,926,"22.8928724,88.4220324",23181,13877,9304
Nalgonda ,28,ANDHRA PRADESH,135163,67749,67414,105885,56100,49785,995,959,"17.0575707,79.2620294",26575,16916,9659
Nanded Waghala ,27,MAHARASHTRA,550564,286152,264412,421606,231449,190157,924,872,"19.1428869,77.303723",57736,38146,19590
Nandurbar ,27,MAHARASHTRA,111067,57543,53524,85635,46673,38962,930,838,"21.7468548,74.123996",11451,7441,4010
Nandyal ,28,ANDHRA PRADESH,200746,100770,99976,138525,75749,62776,992,920,"15.4785694,78.4830934",22411,14540,7871
Nangloi Jat ,7,NCT OF DELHI,205497,110068,95429,147805,85448,62357,867,858,"28.6841206,77.0632942",12692,7779,4913
Narasaraopet ,28,ANDHRA PRADESH,116329,58898,57431,84123,45796,38327,975,938,"16.2353506,80.0479039",13872,8984,4888
Nashik ,27,MAHARASHTRA,1486973,784995,701978,1198144,658585,539559,894,856,"19.9974533,73.7898023",204014,116855,87159
Navi Mumbai ,27,MAHARASHTRA,1119477,611501,507976,911542,519257,392285,831,901,"19.0330488,73.0296625",192624,107448,85176
Navi Mumbai Panvel Raigarh ,27,MAHARASHTRA,194999,107771,87228,153608,88833,64775,809,884,"18.9894007,73.1175162",22631,13561,9070
Navsari ,24,GUJARAT,160100,82925,77175,128822,69437,59385,931,869,"20.9467019,72.9520348",17425,9219,8206
Neemuch ,23,MADHYA PRADESH,128108,67322,60786,97156,54829,42327,903,914,"24.4763852,74.8624092",16428,9669,6759
Nellore ,28,ANDHRA PRADESH,505258,257043,248215,387192,205988,181204,966,937,"14.4425987,79.986456",67787,42377,25410
New Delhi ,7,NCT OF DELHI,249998,136438,113560,208352,118453,89899,832,869,"28.6139,77.2090",63573,35345,28228
Neyveli ,33,TAMIL NADU,105687,53442,52245,90114,47876,42238,978,898,"11.5432364,79.4760133",18507,9716,8791
Nizamabad ,28,ANDHRA PRADESH,310467,155163,155304,221829,119603,102226,1001,968,"18.6725047,78.0940867",34574,22062,12512
Noida ,9,UTTAR PRADESH,642381,352577,289804,495045,286216,208829,822,877,"28.5355161,77.3910265",143014,80692,62322
North Barrackpur ,19,WEST BENGAL,134825,68136,66689,119954,61810,58144,979,918,"22.7902358,88.367179",23047,13155,9892
North Dum Dum ,19,WEST BENGAL,253625,128620,125005,217371,112967,104404,972,949,"22.6658076,88.4258483",40842,24007,16835
Ongole ,28,ANDHRA PRADESH,202826,101728,101098,153888,82322,71566,994,935,"15.5057232,80.049922",32491,20610,11881
Orai ,9,UTTAR PRADESH,187185,99564,87621,139256,79478,59778,880,845,"26.00864,79.4478858",29393,18954,10439
Osmanabad ,27,MAHARASHTRA,112085,58098,53987,87041,47577,39464,929,858,"18.2069636,76.1783739",14303,9459,4844
Ozhukarai ,34,PUDUCHERRY,300028,148154,151874,244264,126663,117601,1025,959,"11.9475611,79.7793932",50682,28317,22365
Palakkad ,32,KERALA,131019,63833,67186,112479,56065,56414,1053,959,"10.7867303,76.6547932",16827,8436,8391
Palanpur ,24,GUJARAT,127125,66384,60741,97459,55139,42320,915,841,"24.174051,72.4330989",15127,9802,5325
Pali ,8,RAJASTHAN,229956,120008,109948,156858,92705,64153,916,880,"25.7710893,73.3234478",16234,10768,5466
Pallavaram ,33,TAMIL NADU,216308,108381,107927,182201,93828,88373,996,978,"12.9673484,80.1526888",50503,27872,22631
Palwal ,6,HARYANA,127931,67887,60044,90937,52028,38909,884,818,"28.1487362,77.3320262",15837,9276,6561
Panchkula ,6,HARYANA,210175,111622,98553,165235,90938,74297,883,839,"30.6942091,76.860565",62655,32821,29834
Panihati ,19,WEST BENGAL,383522,193333,190189,332924,171788,161136,984,959,"22.6983108,88.3991789",58667,34203,24464
Panipat ,6,HARYANA,294150,157302,136848,218023,122629,95394,870,843,"29.3909464,76.9635023",37873,19231,18642
Panvel ,27,MAHARASHTRA,180464,93135,87329,153138,80790,72348,938,901,"18.9894007,73.1175162",39613,20964,18649
Parbhani ,27,MAHARASHTRA,307191,157628,149563,225298,123760,101538,949,891,"19.2609958,76.776665",30035,19600,10435
Patan ,24,GUJARAT,125502,65628,59874,99129,55294,43835,912,865,"23.8493246,72.1266255",13430,8422,5008
Pathankot ,3,PUNJAB,148357,77833,70524,119483,64673,54810,906,802,"32.2643375,75.6421121",24038,11974,12064
Patiala ,3,PUNJAB,405164,215606,189558,316093,174291,141802,879,859,"30.3397809,76.3868797",86697,43389,43308
Patna ,10,BIHAR,1683200,894158,789042,1264523,694580,569943,882,864,"25.5940947,85.1375645",307603,199207,108396
Pilibhit ,9,UTTAR PRADESH,130428,68855,61573,88119,48060,40059,894,917,"28.6207939,79.8128649",17508,9986,7522
Pimpri Chinchwad ,27,MAHARASHTRA,1729359,945953,783406,1374986,784984,590002,828,861,"18.6297811,73.7997094",249581,141573,108008
Pithampur ,23,MADHYA PRADESH,126099,70577,55522,87417,54030,33387,787,880,"22.613252,75.6822899",5150,3657,1493
Porbandar ,24,GUJARAT,152136,78490,73646,119545,65171,54374,938,870,"21.6417069,69.6292654",9853,5671,4182
Port Blair ,35,ANDAMAN & NICOBAR ISLANDS,100608,53247,47361,81908,44908,37000,889,929,"11.6233774,92.7264828",12420,6717,5703
Proddatur ,28,ANDHRA PRADESH,162816,81368,81448,115011,63111,51900,1001,940,"14.7491864,78.5531577",18151,11844,6307
Puducherry ,34,PUDUCHERRY,241773,118205,123568,195861,100419,95442,1045,993,"11.9138598,79.8144722",37830,21086,16744
Pudukkottai ,33,TAMIL NADU,117215,58601,58614,98054,50798,47256,1000,950,"10.379663,78.8208454",15104,8275,6829
Pune ,27,MAHARASHTRA,3115431,1602137,1513294,2556743,1361257,1195486,945,896,"18.5204303,73.8567437",656508,349022,307486
Puri ,21,ORISSA,201026,104267,96759,164481,88504,75977,928,902,"19.8133822,85.8314655",27062,16978,10084
Purnia ,10,BIHAR,280547,148021,132526,178381,100735,77646,895,947,"25.7771391,87.4752551",28193,19787,8406
Puruliya ,19,WEST BENGAL,121436,62520,58916,90534,50276,40258,942,955,"23.3320779,86.365208",14793,9581,5212
Rae Bareli ,9,UTTAR PRADESH,191056,99844,91212,142863,78519,64344,914,908,"26.2345298,81.2408689",34959,20169,14790
Raichur ,29,KARNATAKA,232456,117408,115048,158452,86973,71479,980,955,"16.2120031,77.3439283",22445,14425,8020
Raiganj ,19,WEST BENGAL,183682,96589,87093,133215,72475,60740,902,943,"25.6185295,88.1255837",16788,10419,6369
Raigarh ,22,CHHATTISGARH,137097,70234,66863,105512,57679,47833,952,919,"21.8974003,83.3949632",20161,12214,7947
Raipur ,22,CHHATTISGARH,1010087,519286,490801,769593,420155,349438,945,929,"21.2513844,81.6296413",147194,84384,62810
Rajahmundry ,28,ANDHRA PRADESH,343903,169786,174117,264653,136288,128365,1026,972,"17.0005383,81.8040345",53604,32901,20703
Rajapalayam ,33,TAMIL NADU,130119,64624,65495,103172,54622,48550,1013,956,"9.4653377,77.5275463",11024,6514,4510
Rajarhat Gopalpur ,19,WEST BENGAL,404991,205560,199431,337188,175680,161508,970,964,"22.6321975,88.4540911",73182,42023,31159
Rajkot ,24,GUJARAT,1286995,675731,611264,1026040,559369,466671,905,828,"22.3038945,70.8021599",148048,78946,69102
Rajnandgaon ,22,CHHATTISGARH,163122,81873,81249,127042,68134,58908,992,943,"21.0971034,81.0302222",19640,11324,8316
Rajpur Sonarpur ,19,WEST BENGAL,423806,215983,207823,357154,188374,168780,962,952,"22.4490894,88.3914731",68707,40399,28308
Ramagundam ,28,ANDHRA PRADESH,229632,116920,112712,160646,89722,70924,964,897,"18.7595503,79.4816378",27209,17266,9943
Rampur ,9,UTTAR PRADESH,325248,169826,155422,174508,95157,79351,915,923,"25.4842209,82.5916032",30319,16005,14314
Ranchi ,20,JHARKHAND,1073440,559031,514409,841652,459317,382335,920,899,"23.3440997,85.309562",200849,120922,79927
Ranibennur ,29,KARNATAKA,106365,53933,52432,85298,43234,42064,972,934,"14.6113428,75.6382657",9747,6122,3625
Raniganj ,19,WEST BENGAL,128624,67150,61474,89293,50250,39043,915,912,"23.6290575,87.0923906",9719,6225,3494
Ratlam ,23,MADHYA PRADESH,264810,135007,129803,207742,111921,95821,961,922,"23.3341696,75.0376325",36589,20861,15728
Raurkela Industrial Township ,21,ORISSA,210412,109823,100589,164546,90631,73915,916,886,"22.1993143,84.8620054",22887,12544,10343
Raurkela Town ,21,ORISSA,273217,144949,128268,214744,119761,94983,885,899,"22.260423,84.8535844",38314,22541,15773
Rewa ,23,MADHYA PRADESH,235422,124634,110788,185291,103599,81692,889,846,"24.5372927,81.30418",41109,25406,15703
Rewari ,6,HARYANA,140864,74689,66175,110205,61933,48272,886,785,"28.1927631,76.6239423",22539,12960,9579
Rishra ,19,WEST BENGAL,124585,66767,57818,100581,56155,44426,866,900,"22.7244023,88.3287896",14585,9452,5133
Robertson Pet ,29,KARNATAKA,146428,72378,74050,119258,61304,57954,1023,1013,"12.9551189,78.2698622",13400,7030,6370
Rohtak ,6,HARYANA,373133,197754,175379,279509,155679,123830,887,793,"28.8955152,76.606611",65881,35890,29991
Roorkee ,5,UTTARAKHAND,118188,63508,54680,96674,53928,42746,861,830,"29.8542626,77.8880002",30594,16630,13964
Rudrapur ,5,UTTARAKHAND,140884,74276,66608,88700,51407,37293,897,907,"28.9875082,79.4141214",14678,8208,6470
S.A.S. Nagar ,3,PUNJAB,146104,76441,69663,123930,66100,57830,911,886,"30.6496486,76.7567368",57323,30110,27213
Sagar ,23,MADHYA PRADESH,273357,142655,130702,217632,119068,98564,916,924,"23.838805,78.7378068",39717,23428,16289
Saharanpur ,9,UTTAR PRADESH,703345,371858,331487,479218,265417,213801,891,882,"29.967079,77.5510172",80749,42772,37977
Saharsa ,10,BIHAR,155175,82589,72586,101425,58689,42736,879,918,"25.8834961,86.6006249",18307,13209,5098
Salem ,33,TAMIL NADU,831038,418337,412701,642662,341725,300937,987,955,"11.664325,78.1460142",93297,54325,38972
Sambalpur ,21,ORISSA,183383,94627,88756,141329,76545,64784,938,882,"21.4668716,83.9811665",26095,16194,9901
Sambhal ,9,UTTAR PRADESH,221334,116008,105326,92608,51382,41226,908,936,"28.5903614,78.5717631",10580,5780,4800
Sangli Miraj Kupwad ,27,MAHARASHTRA,502697,255270,247427,397395,212703,184692,969,872,"16.8541887,74.6049061",60752,34112,26640
Santipur ,19,WEST BENGAL,151774,77044,74730,113028,60420,52608,970,976,"23.2645399,88.4380966",7213,4725,2488
Sasaram ,10,BIHAR,147396,77687,69709,105378,58900,46478,897,900,"24.949036,84.0314295",18844,13181,5663
Satara ,27,MAHARASHTRA,120079,61075,59004,101320,53241,48079,966,890,"17.6804639,74.018261",22292,12269,10023
Satna ,23,MADHYA PRADESH,280248,147924,132324,214468,120464,94004,895,873,"24.6005075,80.8322428",37695,23396,14299
Sawai Madhopur ,8,RAJASTHAN,120998,63223,57775,85472,50438,35034,914,871,"26.0377772,76.3521514",13480,8980,4500
Secunderabad ,28,ANDHRA PRADESH,213698,111664,102034,170148,92956,77192,914,958,"17.4399295,78.4982741",42492,23836,18656
Sehore ,23,MADHYA PRADESH,108818,56284,52534,82066,44937,37129,933,907,"23.205012,77.0850781",13887,8074,5813
Seoni ,23,MADHYA PRADESH,102377,52354,50023,83832,44862,38970,955,905,"22.0868691,79.5434841",16335,9574,6761
Serampore ,19,WEST BENGAL,183339,94514,88825,153460,81592,71868,940,958,"22.748331,88.3385053",30060,17706,12354
Shahjahanpur ,9,UTTAR PRADESH,327975,173133,154842,200804,112011,88793,894,885,"27.8295801,79.8296743",33510,18302,15208
Shamli ,9,UTTAR PRADESH,107233,57236,49997,76650,43469,33181,874,798,"29.4507575,77.3152116",13343,7245,6098
Shikohabad ,9,UTTAR PRADESH,107300,57017,50283,77060,43030,34030,882,823,"27.1061756,78.5881674",15351,9119,6232
Shillong ,17,MEGHALAYA,143007,70028,72979,119313,59420,59893,1042,937,"25.5714,91.8848",25113,12466,12647
Shimla ,2,HIMACHAL PRADESH,169758,93364,76394,147799,82486,65313,818,890,"31.1048145,77.1734033",43353,23822,19531
Shimoga ,29,KARNATAKA,322428,161978,160450,255971,133191,122780,991,961,"13.9299299,75.568101",37463,21835,15628
Shivpuri ,23,MADHYA PRADESH,179972,95227,84745,124641,72107,52534,890,879,"25.4357869,77.665066",22320,13796,8524
Sikar ,8,RAJASTHAN,237579,123156,114423,158413,91403,67010,929,868,"27.6094,75.139911",20786,13799,6987
Silchar ,18,ASSAM,172709,86812,85897,144255,74082,70173,989,939,"24.8332708,92.7789054",22274,12716,9558
Siliguri ,19,WEST BENGAL,509709,261218,248491,394366,209792,184574,951,928,"26.7271012,88.3952861",65003,38470,26533
Singrauli ,23,MADHYA PRADESH,220295,117276,103019,147527,87870,59657,878,915,"24.1992101,82.6645469",18047,11646,6401
Sirsa ,6,HARYANA,183282,96806,86476,135435,75796,59639,893,806,"29.5335931,75.0177029",24453,13473,10980
Sitapur ,9,UTTAR PRADESH,177351,93410,83941,131995,72197,59798,899,877,"27.5325072,80.8986502",28003,15740,12263
Siwan ,10,BIHAR,134458,70670,63788,98898,56152,42746,903,868,"26.2196205,84.3566593",14545,9727,4818
Solapur ,27,MAHARASHTRA,951118,482194,468924,710180,390335,319845,972,909,"17.6599188,75.9063906",88638,54159,34479
Sonipat ,6,HARYANA,277053,147933,129120,215609,121821,93788,873,788,"28.9287735,77.091281",46858,25676,21182
South Dum Dum ,19,WEST BENGAL,410524,206558,203966,356092,183454,172638,987,959,"22.6059435,88.3967536",102942,57940,45002
Srikakulam ,28,ANDHRA PRADESH,126003,62583,63420,97904,52029,45875,1013,935,"18.4285005,84.0167423",21745,14125,7620
Srinagar ,1,JAMMU & KASHMIR,1192792,631916,560876,741441,428915,312526,888,869,"34.0836708,74.7972825",135783,75825,59958
Sujangarh ,8,RAJASTHAN,101528,52078,49450,64716,37914,26802,950,894,"27.7044756,74.4642861",5284,3664,1620
Sultan Pur Majra ,7,NCT OF DELHI,181624,95816,85808,125557,72458,53099,896,889,"28.6958531,77.0805496",7390,4719,2671
Sultanpur ,9,UTTAR PRADESH,107914,56674,51240,85656,46736,38920,904,886,"26.2647757,82.0727061",20475,12130,8345
Surat ,24,GUJARAT,4462002,2538243,1923759,3499228,2082588,1416640,758,813,"21.1702401,72.8310607",278795,160566,118229
Surendranagar Dudhrej ,24,GUJARAT,177827,92728,85099,135879,75906,59973,918,863,"22.7201319,71.649536",17558,10540,7018
Suryapet ,28,ANDHRA PRADESH,105250,52138,53112,81366,43143,38223,1019,947,"17.1353148,79.6333674",14203,9485,4718
Tadepalligudem ,28,ANDHRA PRADESH,103577,51176,52401,78557,40283,38274,1024,941,"16.8138415,81.521241",11527,7258,4269
Tadpatri ,28,ANDHRA PRADESH,108249,54027,54222,69948,39781,30167,1004,948,"14.9070274,78.0092703",8618,5762,2856
Tambaram ,33,TAMIL NADU,176807,90803,86004,150667,79383,71284,947,1019,"12.9229153,80.1274558",35148,19571,15577
Tenali ,28,ANDHRA PRADESH,164649,81324,83325,125275,64968,60307,1025,967,"16.2395313,80.6493396",22433,13780,8653
Thane ,27,MAHARASHTRA,1818872,966293,852579,1491552,817828,673724,882,900,"19.2183307,72.9780897",241148,129214,111934
Thanesar ,6,HARYANA,154962,83655,71307,119482,67646,51836,852,856,"29.9696148,76.8197522",32979,18192,14787
Thanjavur ,33,TAMIL NADU,222619,109291,113328,186643,94696,91947,1037,940,"10.7869994,79.1378274",33652,18483,15169
Thiruvananthapuram ,32,KERALA,752490,364657,387833,647479,316614,330865,1064,978,"8.5241391,76.9366376",151257,72759,78498
Thoothukkudi ,33,TAMIL NADU,237374,118039,119335,202105,102369,99736,1011,976,"8.7641661,78.1348361",31795,16516,15279
Thrissur ,32,KERALA,315596,151999,163597,282338,136694,145644,1076,950,"10.5276416,76.2144349",53535,24392,29143
Tiruchirappalli ,33,TAMIL NADU,846915,418128,428787,705492,359975,345517,1025,964,"10.7904833,78.7046725",123329,67987,55342
Tirunelveli ,33,TAMIL NADU,474838,234643,240195,391972,201509,190463,1024,954,"8.7139126,77.7566523",59397,33536,25861
Tirupati ,28,ANDHRA PRADESH,287035,145977,141058,229730,123449,106281,966,915,"13.6287557,79.4191795",55454,34588,20866
Tiruppur ,33,TAMIL NADU,444543,227469,217074,350206,189496,160710,954,957,"11.1085242,77.3410656",33358,18431,14927
Tiruvannamalai ,33,TAMIL NADU,144683,72351,72332,106256,55585,50671,1000,960,"12.2252841,79.0746957",16502,9655,6847
Tiruvottiyur ,33,TAMIL NADU,248059,124852,123207,197646,103197,94449,987,970,"13.1691914,80.3045793",25781,13493,12288
Titagarh ,19,WEST BENGAL,118426,63936,54490,87356,50566,36790,852,888,"22.7382665,88.3737064",5643,3898,1745
Tonk ,8,RAJASTHAN,165363,84927,80436,98819,57170,41649,947,883,"26.1620402,75.7894716",11776,7537,4239
Tumkur ,29,KARNATAKA,305821,155406,150415,237424,123904,113520,968,947,"13.3709627,76.6412712",42163,25617,16546
Udaipur ,8,RAJASTHAN,451735,234681,217054,366598,200051,166547,925,869,"24.585445,73.712479",92090,51475,40615
Udgir ,27,MAHARASHTRA,104063,54445,49618,78051,43518,34533,911,886,"18.3942882,77.1126009",9924,6900,3024
Udupi ,29,KARNATAKA,125350,62031,63319,108041,54690,53351,1021,917,"13.3408807,74.7421427",22444,11795,10649
Ujjain ,23,MADHYA PRADESH,515215,265291,249924,391470,214481,176989,942,921,"23.1793013,75.7849097",72743,41616,31127
Ulhasnagar ,27,MAHARASHTRA,506937,270373,236564,408959,227975,180984,875,903,"19.2215115,73.1644628",43561,23087,20474
Uluberia ,19,WEST BENGAL,222175,114144,108031,159826,86210,73616,946,939,"22.4744363,88.1000377",11384,7234,4150
Unnao ,9,UTTAR PRADESH,178681,94080,84601,134018,73411,60607,899,870,"26.5393449,80.4878195",27220,15670,11550
Uttarpara Kotrung ,19,WEST BENGAL,162386,82815,79571,137869,71976,65893,961,916,"22.6768451,88.3385053",35773,20981,14792
Vadodara ,24,GUJARAT,1666703,866701,800002,1394952,747280,647672,923,856,"22.3071588,73.1812187",279959,153236,126723
Valsad ,24,GUJARAT,114987,58958,56029,97687,51447,46240,950,877,"20.5992349,72.9342451",18980,10382,8598
Varanasi ,9,UTTAR PRADESH,1201815,636860,564955,859379,477807,381572,887,879,"25.3176452,82.9739144",172622,101440,71182
Vasai Virar City ,27,MAHARASHTRA,1221233,649535,571698,987916,548138,439778,880,915,"19.3919275,72.8397317",129954,70016,59938
Vellore ,33,TAMIL NADU,185895,91464,94431,145192,75321,69871,1032,973,"12.9165167,79.1324986",15592,8912,6680
Veraval ,24,GUJARAT,153696,78161,75535,106540,59874,46666,966,900,"20.9158979,70.3628516",10089,6246,3843
Vidisha ,23,MADHYA PRADESH,155959,81424,74535,118678,65802,52876,915,913,"23.5251102,77.8081363",22023,13177,8846
Vijayawada ,28,ANDHRA PRADESH,1048240,524918,523322,789038,411677,377361,997,951,"16.5061743,80.6480153",135425,81146,54279
Visakhapatnam,28,ANDHRA PRADESH,1730320,875199,855121,1298896,698959,599937,977,959,"17.6868,83.2185",250549,148824,101725
Vizianagaram ,28,ANDHRA PRADESH,227533,111596,115937,169461,89155,80306,1039,952,"18.1066576,83.3955506",30656,19173,11483
Warangal ,28,ANDHRA PRADESH,620116,310400,309716,475247,258111,217136,998,948,"17.9689008,79.5940544",109613,69507,40106
Wardha ,27,MAHARASHTRA,105543,53241,52302,90091,46752,43339,982,898,"20.745319,78.6021946",19363,10645,8718
Yamunanagar ,6,HARYANA,216628,115404,101224,166419,92164,74255,877,824,"30.1290485,77.2673901",29803,14349,15454
Yavatmal ,27,MAHARASHTRA,116714,58717,57997,96980,50419,46561,988,880,"20.3887937,78.1204073",13511,7397,6114
